<?xml version="1.0" encoding="UTF-8" standalone="yes"?><list><list><map/><user><address>123</address><admin>1</admin><deleted>0</deleted><fullname>123</fullname><ID>admin</ID><password>123</password></user></list><list><map><entry><key>0</key><value><mTimeSpan><mStartTime>2014-12-11 08:00:00.0</mStartTime><mEndTime>2014-12-11 09:00:00.0</mEndTime></mTimeSpan><mTitle>dgashj</mTitle><mInfo>Input description of this appointment</mInfo><mLocation>123</mLocation><mApptID>2</mApptID><joinApptID>-1</joinApptID><isjoint>false</isjoint><mReminder><mStartTime>2014-12-11 08:00:00.0</mStartTime><mEndTime>2014-12-11 08:00:00.0</mEndTime></mReminder></value></entry><entry><key>1</key><value><mTimeSpan><mStartTime>2014-12-11 08:00:00.0</mStartTime><mEndTime>2014-12-11 09:00:00.0</mEndTime></mTimeSpan><mTitle>dgashj</mTitle><mInfo>Input description of this appointment</mInfo><mLocation>123</mLocation><mApptID>1</mApptID><joinApptID>-1</joinApptID><isjoint>false</isjoint><mReminder><mStartTime>2014-12-11 08:00:00.0</mStartTime><mEndTime>2014-12-11 08:00:00.0</mEndTime></mReminder></value></entry><entry><key>2</key><value><mTimeSpan><mStartTime>2014-12-11 08:00:00.0</mStartTime><mEndTime>2014-12-11 09:00:00.0</mEndTime></mTimeSpan><mTitle>dgashj</mTitle><mInfo>Input description of this appointment</mInfo><mLocation>123</mLocation><mApptID>2</mApptID><joinApptID>-1</joinApptID><isjoint>false</isjoint><mReminder><mStartTime>2014-12-11 08:00:00.0</mStartTime><mEndTime>2014-12-11 08:00:00.0</mEndTime></mReminder></value></entry><entry><key>3</key><value><mTimeSpan><mStartTime>2014-12-11 09:00:00.0</mStartTime><mEndTime>2014-12-11 10:00:00.0</mEndTime></mTimeSpan><mTitle>Unti</mTitle><mInfo>Input description of this appointment</mInfo><mLocation>123</mLocation><mApptID>3</mApptID><joinApptID>-1</joinApptID><isjoint>true</isjoint><waiting>b</waiting><mReminder><mStartTime>2014-12-11 09:00:00.0</mStartTime><mEndTime>2014-12-11 09:00:00.0</mEndTime></mReminder><initiator><address>1</address><admin>0</admin><deleted>0</deleted><fullname>1</fullname><ID>a</ID><password>1</password></initiator></value></entry></map><user><address>1</address><admin>0</admin><deleted>0</deleted><fullname>1</fullname><ID>a</ID><password>1</password></user></list><list><map><entry><key>1</key><value><mTimeSpan><mStartTime>2014-12-11 08:00:00.0</mStartTime><mEndTime>2014-12-11 09:00:00.0</mEndTime></mTimeSpan><mTitle>Unti</mTitle><mInfo>Input description of this appointment</mInfo><mLocation>123</mLocation><mApptID>1</mApptID><joinApptID>-1</joinApptID><isjoint>true</isjoint><waiting>a</waiting><mReminder><mStartTime>2014-12-11 08:00:00.0</mStartTime><mEndTime>2014-12-11 08:00:00.0</mEndTime></mReminder><initiator><address>1</address><admin>0</admin><deleted>0</deleted><fullname>1</fullname><ID>b</ID><password>1</password></initiator></value></entry><entry><key>2</key><value><mTimeSpan><mStartTime>2014-12-11 08:00:00.0</mStartTime><mEndTime>2014-12-11 09:00:00.0</mEndTime></mTimeSpan><mTitle>Unti</mTitle><mInfo>Input description of this appointment</mInfo><mLocation>a</mLocation><mApptID>2</mApptID><joinApptID>-1</joinApptID><isjoint>false</isjoint><mReminder><mStartTime>2014-12-11 08:00:00.0</mStartTime><mEndTime>2014-12-11 08:00:00.0</mEndTime></mReminder></value></entry></map><user><address>hdjasjk</address><admin>0</admin><deleted>0</deleted><fullname>1</fullname><ID>b</ID><password>2</password></user></list><list><map><entry><key>1</key><value><mTimeSpan><mStartTime>2014-12-11 08:00:00.0</mStartTime><mEndTime>2014-12-11 09:00:00.0</mEndTime></mTimeSpan><mTitle>Untitl</mTitle><mInfo>Input description of this appointment</mInfo><mLocation>a</mLocation><mApptID>1</mApptID><joinApptID>-1</joinApptID><isjoint>false</isjoint><mReminder><mStartTime>2014-12-11 08:00:00.0</mStartTime><mEndTime>2014-12-11 08:00:00.0</mEndTime></mReminder></value></entry></map><user><address>1</address><admin>0</admin><deleted>0</deleted><fullname>1</fullname><ID>c</ID><password>1</password></user></list></list>